{
  "MAE": 122.93810503466094,
  "RMSE": 30230.09358682546,
  "R2": 0.44880309683418207
}