{
  "MAE": 16273.70168937171,
  "RMSE": 290688088.6870293,
  "R2": -10.243133388919018
}