{
  "MAE": 120.86532524711842,
  "RMSE": 23430.162942555355,
  "R2": 0.6048504778314305
}