{
  "MAE": 23068.32083607995,
  "RMSE": 550963592.4837908,
  "R2": -28.28139372210188
}