{
  "MAE": 0.7539565596985028,
  "RMSE": 1.6761712220819156,
  "R2": 0.9441612612976308
}