{
  "MAE": 420.9528544660296,
  "RMSE": 183586.7362880378,
  "R2": -18.73668838072102
}