{
  "MAE": 58.57220649337769,
  "RMSE": 3615.3477099532406,
  "R2": -3.8808619711913988
}