{
  "MAE": 0.2967892041988221,
  "RMSE": 0.19547105185071928,
  "R2": 0.8812124621998744
}