{
  "MAE": 8711.97944352504,
  "RMSE": 78660748.78306809,
  "R2": -27.477953676230815
}