{
  "MAE": 29.472361422096608,
  "RMSE": 1535.5075796389915,
  "R2": 0.8177940655223761
}