{
  "MAE": 0.4625362285717319,
  "RMSE": 0.46503521578096246,
  "R2": 0.8450109097264038
}