{
  "MAE": 113.29615221688407,
  "RMSE": 13088.082255071093,
  "R2": -9.079608607633299
}