{
  "MAE": 579.6946690292358,
  "RMSE": 348063.4718079342,
  "R2": -21.497606696968607
}