{
  "MAE": 1.1309713111141253,
  "RMSE": 3.3487587893602933,
  "R2": 0.9254445055053588
}