{
  "MAE": 7.493623742989394,
  "RMSE": 126.25376286599575,
  "R2": 0.9309942013783802
}