{
  "MAE": 4017.31678518001,
  "RMSE": 16723727.27343246,
  "R2": -27.592792860457003
}