{
  "MAE": 457.167713935525,
  "RMSE": 221399.3997608138,
  "R2": -13.385439594839795
}