{
  "MAE": 1.2086675526839705,
  "RMSE": 3.2556344056904556,
  "R2": 0.92540268808219
}