{
  "MAE": 7751497.188779825,
  "RMSE": 62841305754242.805,
  "R2": -21.80496886380412
}