{
  "MAE": 321942.7677548555,
  "RMSE": 110437692158.20346,
  "R2": -15.139540535567775
}