{
  "MAE": 7325458.568415533,
  "RMSE": 56005219432037.79,
  "R2": -22.90447244666162
}