{
  "MAE": 302786.2654471003,
  "RMSE": 97291329312.41664,
  "R2": -16.202904669505667
}