{
  "MAE": 29.586556561186647,
  "RMSE": 1595.5792886783101,
  "R2": 0.8428897712556906
}