{
  "MAE": 9190.3677519419,
  "RMSE": 87510481.73574908,
  "R2": -27.71434309985189
}