{
  "MAE": 9191.156483271681,
  "RMSE": 87524979.88173793,
  "R2": -27.71910029841803
}